<?xml version="1.0" encoding="UTF-8"?>
<GenRun Id="impl_1" LaunchPart="xc7z020clg484-1" LaunchTime="1668199437">
  <File Type="CFI_FILE" Name="top_demo.cfi"/>
  <File Type="RCFI_FILE" Name="top_demo.rcfi"/>
  <File Type="PDI-FILE" Name="top_demo.pdi"/>
  <File Type="ROUTE-METHODOLOGY-DRC-RPX" Name="top_demo_methodology_drc_routed.rpx"/>
  <File Type="ROUTE-DRC-RPX" Name="top_demo_drc_routed.rpx"/>
  <File Type="ROUTE-METHODOLOGY-DRC-PB" Name="top_demo_methodology_drc_routed.pb"/>
  <File Type="ROUTE-METHODOLOGY-DRC" Name="top_demo_methodology_drc_routed.rpt"/>
  <File Type="POSTROUTE-PHYSOPT-BLACKBOX-DCP" Name="top_demo_postroute_physopt_bb.dcp"/>
  <File Type="POSTROUTE-PHYSOPT-DCP" Name="top_demo_postroute_physopt.dcp"/>
  <File Type="PHYSOPT-DCP" Name="top_demo_physopt.dcp"/>
  <File Type="POSTPLACE-PWROPT-DCP" Name="top_demo_postplace_pwropt.dcp"/>
  <File Type="PWROPT-DCP" Name="top_demo_pwropt.dcp"/>
  <File Type="PLACE-DCP" Name="top_demo_placed.dcp"/>
  <File Type="OPT-DCP" Name="top_demo_opt.dcp"/>
  <File Type="ROUTE-BUS-SKEW" Name="top_demo_bus_skew_routed.rpt"/>
  <File Type="BITSTR-LTX" Name="debug_nets.ltx"/>
  <File Type="BITSTR-LTX" Name="top_demo.ltx"/>
  <File Type="BITSTR-SYSDEF" Name="top_demo.sysdef"/>
  <File Type="BITSTR-MMI" Name="top_demo.mmi"/>
  <File Type="BITSTR-BMM" Name="top_demo_bd.bmm"/>
  <File Type="ROUTE-CLK" Name="top_demo_clock_utilization_routed.rpt"/>
  <File Type="BITSTR-NKY" Name="top_demo.nky"/>
  <File Type="BITSTR-RBT" Name="top_demo.rbt"/>
  <File Type="ROUTE-BUS-SKEW-RPX" Name="top_demo_bus_skew_routed.rpx"/>
  <File Type="REPORTS-TCL" Name="top_demo_reports.tcl"/>
  <File Type="ROUTE-TIMING-RPX" Name="top_demo_timing_summary_routed.rpx"/>
  <File Type="BITSTR-MSK" Name="top_demo.msk"/>
  <File Type="ROUTE-BUS-SKEW-PB" Name="top_demo_bus_skew_routed.pb"/>
  <File Type="PA-TCL" Name="top_demo.tcl"/>
  <File Type="ROUTE-TIMING-PB" Name="top_demo_timing_summary_routed.pb"/>
  <File Type="OPT-DRC" Name="top_demo_drc_opted.rpt"/>
  <File Type="RBD_FILE" Name="top_demo.rbd"/>
  <File Type="BG-BIN" Name="top_demo.bin"/>
  <File Type="ROUTE-TIMINGSUMMARY" Name="top_demo_timing_summary_routed.rpt"/>
  <File Type="NPI_FILE" Name="top_demo.npi"/>
  <File Type="BG-BGN" Name="top_demo.bgn"/>
  <File Type="ROUTE-BLACKBOX-DCP" Name="top_demo_routed_bb.dcp"/>
  <File Type="WBT-USG" Name="usage_statistics_webtalk.html"/>
  <File Type="RDI-RDI" Name="top_demo.vdi"/>
  <File Type="RNPI_FILE" Name="top_demo.rnpi"/>
  <File Type="BG-DRC" Name="top_demo.drc"/>
  <File Type="ROUTE-ERROR-DCP" Name="top_demo_routed_error.dcp"/>
  <File Type="BG-BIT" Name="top_demo.bit"/>
  <File Type="ROUTE-STATUS-PB" Name="top_demo_route_status.pb"/>
  <File Type="OPT-HWDEF" Name="top_demo.hwdef"/>
  <File Type="PLACE-IO" Name="top_demo_io_placed.rpt"/>
  <File Type="PLACE-UTIL" Name="top_demo_utilization_placed.rpt"/>
  <File Type="PLACE-UTIL-PB" Name="top_demo_utilization_placed.pb"/>
  <File Type="PLACE-CTRL" Name="top_demo_control_sets_placed.rpt"/>
  <File Type="PLACE-PRE-SIMILARITY" Name="top_demo_incremental_reuse_pre_placed.rpt"/>
  <File Type="ROUTE-DRC" Name="top_demo_drc_routed.rpt"/>
  <File Type="ROUTE-DRC-PB" Name="top_demo_drc_routed.pb"/>
  <File Type="ROUTE-PWR" Name="top_demo_power_routed.rpt"/>
  <File Type="ROUTE-PWR-SUM" Name="top_demo_power_summary_routed.pb"/>
  <File Type="ROUTE-PWR-RPX" Name="top_demo_power_routed.rpx"/>
  <File Type="ROUTE-STATUS" Name="top_demo_route_status.rpt"/>
  <File Type="ROUTE-DCP" Name="top_demo_routed.dcp"/>
  <FileSet Name="sources" Type="DesignSrcs" RelSrcDir="$PSRCDIR/sources_1" RelGenDir="$PSRCDIR/sources_1">
    <Filter Type="Srcs"/>
    <File Path="$PSRCDIR/sources_1/imports/dldfall22proj/SV/all.sv">
      <FileInfo>
        <Attr Name="ImportPath" Val="$PPRDIR/../../SV/all.sv"/>
        <Attr Name="ImportTime" Val="1668693130"/>
        <Attr Name="UsedIn" Val="synthesis"/>
        <Attr Name="UsedIn" Val="implementation"/>
        <Attr Name="UsedIn" Val="simulation"/>
      </FileInfo>
    </File>
    <File Path="$PSRCDIR/sources_1/imports/dldfall22proj/ProjectHDMI/hdmi_working/audio_clock_regeneration_packet.sv">
      <FileInfo>
        <Attr Name="ImportPath" Val="$PPRDIR/../../ProjectHDMI/hdmi_working/audio_clock_regeneration_packet.sv"/>
        <Attr Name="ImportTime" Val="1668693130"/>
        <Attr Name="UsedIn" Val="synthesis"/>
        <Attr Name="UsedIn" Val="implementation"/>
        <Attr Name="UsedIn" Val="simulation"/>
      </FileInfo>
    </File>
    <File Path="$PSRCDIR/sources_1/imports/dldfall22proj/ProjectHDMI/hdmi_working/audio_info_frame.sv">
      <FileInfo>
        <Attr Name="ImportPath" Val="$PPRDIR/../../ProjectHDMI/hdmi_working/audio_info_frame.sv"/>
        <Attr Name="ImportTime" Val="1668693130"/>
        <Attr Name="UsedIn" Val="synthesis"/>
        <Attr Name="UsedIn" Val="implementation"/>
        <Attr Name="UsedIn" Val="simulation"/>
      </FileInfo>
    </File>
    <File Path="$PSRCDIR/sources_1/imports/dldfall22proj/ProjectHDMI/hdmi_working/audio_sample_packet.sv">
      <FileInfo>
        <Attr Name="ImportPath" Val="$PPRDIR/../../ProjectHDMI/hdmi_working/audio_sample_packet.sv"/>
        <Attr Name="ImportTime" Val="1668693130"/>
        <Attr Name="UsedIn" Val="synthesis"/>
        <Attr Name="UsedIn" Val="implementation"/>
        <Attr Name="UsedIn" Val="simulation"/>
      </FileInfo>
    </File>
    <File Path="$PSRCDIR/sources_1/imports/dldfall22proj/ProjectHDMI/hdmi_working/auxiliary_video_information_info_frame.sv">
      <FileInfo>
        <Attr Name="ImportPath" Val="$PPRDIR/../../ProjectHDMI/hdmi_working/auxiliary_video_information_info_frame.sv"/>
        <Attr Name="ImportTime" Val="1668693130"/>
        <Attr Name="UsedIn" Val="synthesis"/>
        <Attr Name="UsedIn" Val="implementation"/>
        <Attr Name="UsedIn" Val="simulation"/>
      </FileInfo>
    </File>
    <File Path="$PPRDIR/../../../../Downloads/dldfall2022-main/Lab3/SV/clk_div.sv">
      <FileInfo>
        <Attr Name="UsedIn" Val="synthesis"/>
        <Attr Name="UsedIn" Val="implementation"/>
        <Attr Name="UsedIn" Val="simulation"/>
      </FileInfo>
    </File>
    <File Path="$PSRCDIR/sources_1/imports/dldfall22proj/SV/datapath.sv">
      <FileInfo>
        <Attr Name="ImportPath" Val="$PPRDIR/../../SV/datapath.sv"/>
        <Attr Name="ImportTime" Val="1668693130"/>
        <Attr Name="UsedIn" Val="synthesis"/>
        <Attr Name="UsedIn" Val="implementation"/>
        <Attr Name="UsedIn" Val="simulation"/>
      </FileInfo>
    </File>
    <File Path="$PSRCDIR/sources_1/imports/vivado/digit2segments.sv">
      <FileInfo>
        <Attr Name="ImportPath" Val="$PPRDIR/../../digit2segments.sv"/>
        <Attr Name="ImportTime" Val="1613138864"/>
        <Attr Name="UsedIn" Val="synthesis"/>
        <Attr Name="UsedIn" Val="implementation"/>
        <Attr Name="UsedIn" Val="simulation"/>
      </FileInfo>
    </File>
    <File Path="$PSRCDIR/sources_1/imports/dldfall22proj/SV/fsm.sv">
      <FileInfo>
        <Attr Name="ImportPath" Val="$PPRDIR/../../SV/fsm.sv"/>
        <Attr Name="ImportTime" Val="1668693130"/>
        <Attr Name="UsedIn" Val="synthesis"/>
        <Attr Name="UsedIn" Val="implementation"/>
        <Attr Name="UsedIn" Val="simulation"/>
      </FileInfo>
    </File>
    <File Path="$PSRCDIR/sources_1/imports/dldfall22proj/ProjectHDMI/hdmi_working/hdmi.sv">
      <FileInfo>
        <Attr Name="ImportPath" Val="$PPRDIR/../../ProjectHDMI/hdmi_working/hdmi.sv"/>
        <Attr Name="ImportTime" Val="1668693130"/>
        <Attr Name="UsedIn" Val="synthesis"/>
        <Attr Name="UsedIn" Val="implementation"/>
        <Attr Name="UsedIn" Val="simulation"/>
      </FileInfo>
    </File>
    <File Path="$PSRCDIR/sources_1/imports/dldfall22proj/ProjectHDMI/hdmi_working/hdmi_top.sv">
      <FileInfo>
        <Attr Name="ImportPath" Val="$PPRDIR/../../ProjectHDMI/hdmi_working/hdmi_top.sv"/>
        <Attr Name="ImportTime" Val="1668693683"/>
        <Attr Name="UsedIn" Val="synthesis"/>
        <Attr Name="UsedIn" Val="implementation"/>
        <Attr Name="UsedIn" Val="simulation"/>
      </FileInfo>
    </File>
    <File Path="$PSRCDIR/sources_1/imports/dldfall22proj/SV/mux.sv">
      <FileInfo>
        <Attr Name="ImportPath" Val="$PPRDIR/../../SV/mux.sv"/>
        <Attr Name="ImportTime" Val="1668693130"/>
        <Attr Name="UsedIn" Val="synthesis"/>
        <Attr Name="UsedIn" Val="implementation"/>
        <Attr Name="UsedIn" Val="simulation"/>
      </FileInfo>
    </File>
    <File Path="$PSRCDIR/sources_1/imports/dldfall22proj/ProjectHDMI/hdmi_working/packet_assembler.sv">
      <FileInfo>
        <Attr Name="ImportPath" Val="$PPRDIR/../../ProjectHDMI/hdmi_working/packet_assembler.sv"/>
        <Attr Name="ImportTime" Val="1668693130"/>
        <Attr Name="UsedIn" Val="synthesis"/>
        <Attr Name="UsedIn" Val="implementation"/>
        <Attr Name="UsedIn" Val="simulation"/>
      </FileInfo>
    </File>
    <File Path="$PSRCDIR/sources_1/imports/dldfall22proj/ProjectHDMI/hdmi_working/packet_picker.sv">
      <FileInfo>
        <Attr Name="ImportPath" Val="$PPRDIR/../../ProjectHDMI/hdmi_working/packet_picker.sv"/>
        <Attr Name="ImportTime" Val="1668693130"/>
        <Attr Name="UsedIn" Val="synthesis"/>
        <Attr Name="UsedIn" Val="implementation"/>
        <Attr Name="UsedIn" Val="simulation"/>
      </FileInfo>
    </File>
    <File Path="$PSRCDIR/sources_1/imports/dldfall22proj/ProjectHDMI/hdmi_working/pll.sv">
      <FileInfo>
        <Attr Name="ImportPath" Val="$PPRDIR/../../ProjectHDMI/hdmi_working/pll.sv"/>
        <Attr Name="ImportTime" Val="1668693130"/>
        <Attr Name="UsedIn" Val="synthesis"/>
        <Attr Name="UsedIn" Val="implementation"/>
        <Attr Name="UsedIn" Val="simulation"/>
      </FileInfo>
    </File>
    <File Path="$PSRCDIR/sources_1/imports/dldfall22proj/SV/register.sv">
      <FileInfo>
        <Attr Name="ImportPath" Val="$PPRDIR/../../SV/register.sv"/>
        <Attr Name="ImportTime" Val="1668693130"/>
        <Attr Name="UsedIn" Val="synthesis"/>
        <Attr Name="UsedIn" Val="implementation"/>
        <Attr Name="UsedIn" Val="simulation"/>
      </FileInfo>
    </File>
    <File Path="$PSRCDIR/sources_1/imports/vivado/segment_driver.sv">
      <FileInfo>
        <Attr Name="ImportPath" Val="$PPRDIR/../../segment_driver.sv"/>
        <Attr Name="ImportTime" Val="1613138865"/>
        <Attr Name="UsedIn" Val="synthesis"/>
        <Attr Name="UsedIn" Val="implementation"/>
        <Attr Name="UsedIn" Val="simulation"/>
      </FileInfo>
    </File>
    <File Path="$PSRCDIR/sources_1/imports/dldfall22proj/ProjectHDMI/hdmi_working/serializer.sv">
      <FileInfo>
        <Attr Name="ImportPath" Val="$PPRDIR/../../ProjectHDMI/hdmi_working/serializer.sv"/>
        <Attr Name="ImportTime" Val="1668693130"/>
        <Attr Name="UsedIn" Val="synthesis"/>
        <Attr Name="UsedIn" Val="implementation"/>
        <Attr Name="UsedIn" Val="simulation"/>
      </FileInfo>
    </File>
    <File Path="$PSRCDIR/sources_1/imports/dldfall22proj/ProjectHDMI/hdmi_working/source_product_description_info_frame.sv">
      <FileInfo>
        <Attr Name="ImportPath" Val="$PPRDIR/../../ProjectHDMI/hdmi_working/source_product_description_info_frame.sv"/>
        <Attr Name="ImportTime" Val="1668693130"/>
        <Attr Name="UsedIn" Val="synthesis"/>
        <Attr Name="UsedIn" Val="implementation"/>
        <Attr Name="UsedIn" Val="simulation"/>
      </FileInfo>
    </File>
    <File Path="$PSRCDIR/sources_1/imports/dldfall22proj/ProjectHDMI/hdmi_working/tmds_channel.sv">
      <FileInfo>
        <Attr Name="ImportPath" Val="$PPRDIR/../../ProjectHDMI/hdmi_working/tmds_channel.sv"/>
        <Attr Name="ImportTime" Val="1668693130"/>
        <Attr Name="UsedIn" Val="synthesis"/>
        <Attr Name="UsedIn" Val="implementation"/>
        <Attr Name="UsedIn" Val="simulation"/>
      </FileInfo>
    </File>
    <File Path="$PSRCDIR/sources_1/new/top_demo.sv">
      <FileInfo>
        <Attr Name="ImportPath" Val="$PPRDIR/../../../../../Demo/Demo.srcs/sources_1/new/top_demo.sv"/>
        <Attr Name="ImportTime" Val="1610765670"/>
        <Attr Name="UsedIn" Val="synthesis"/>
        <Attr Name="UsedIn" Val="implementation"/>
        <Attr Name="UsedIn" Val="simulation"/>
      </FileInfo>
    </File>
    <File Path="$PPRDIR/../../../hdmi_files/hdmi_working/audio_clock_regeneration_packet.sv">
      <FileInfo>
        <Attr Name="AutoDisabled" Val="1"/>
        <Attr Name="UsedIn" Val="synthesis"/>
        <Attr Name="UsedIn" Val="implementation"/>
        <Attr Name="UsedIn" Val="simulation"/>
      </FileInfo>
    </File>
    <File Path="$PPRDIR/../../../hdmi_files/hdmi_working/audio_info_frame.sv">
      <FileInfo>
        <Attr Name="AutoDisabled" Val="1"/>
        <Attr Name="UsedIn" Val="synthesis"/>
        <Attr Name="UsedIn" Val="implementation"/>
        <Attr Name="UsedIn" Val="simulation"/>
      </FileInfo>
    </File>
    <File Path="$PPRDIR/../../../hdmi_files/hdmi_working/audio_sample_packet.sv">
      <FileInfo>
        <Attr Name="AutoDisabled" Val="1"/>
        <Attr Name="UsedIn" Val="synthesis"/>
        <Attr Name="UsedIn" Val="implementation"/>
        <Attr Name="UsedIn" Val="simulation"/>
      </FileInfo>
    </File>
    <File Path="$PPRDIR/../../../hdmi_files/hdmi_working/auxiliary_video_information_info_frame.sv">
      <FileInfo>
        <Attr Name="AutoDisabled" Val="1"/>
        <Attr Name="UsedIn" Val="synthesis"/>
        <Attr Name="UsedIn" Val="implementation"/>
        <Attr Name="UsedIn" Val="simulation"/>
      </FileInfo>
    </File>
    <File Path="$PPRDIR/../../../hdmi_files/hdmi_working/hdmi.sv">
      <FileInfo>
        <Attr Name="AutoDisabled" Val="1"/>
        <Attr Name="UsedIn" Val="synthesis"/>
        <Attr Name="UsedIn" Val="implementation"/>
        <Attr Name="UsedIn" Val="simulation"/>
      </FileInfo>
    </File>
    <File Path="$PPRDIR/../../../hdmi_files/hdmi_working/hdmi_top.sv">
      <FileInfo>
        <Attr Name="AutoDisabled" Val="1"/>
        <Attr Name="UsedIn" Val="synthesis"/>
        <Attr Name="UsedIn" Val="implementation"/>
        <Attr Name="UsedIn" Val="simulation"/>
      </FileInfo>
    </File>
    <File Path="$PPRDIR/../../../hdmi_files/hdmi_working/packet_assembler.sv">
      <FileInfo>
        <Attr Name="AutoDisabled" Val="1"/>
        <Attr Name="UsedIn" Val="synthesis"/>
        <Attr Name="UsedIn" Val="implementation"/>
        <Attr Name="UsedIn" Val="simulation"/>
      </FileInfo>
    </File>
    <File Path="$PPRDIR/../../../hdmi_files/hdmi_working/packet_picker.sv">
      <FileInfo>
        <Attr Name="AutoDisabled" Val="1"/>
        <Attr Name="UsedIn" Val="synthesis"/>
        <Attr Name="UsedIn" Val="implementation"/>
        <Attr Name="UsedIn" Val="simulation"/>
      </FileInfo>
    </File>
    <File Path="$PPRDIR/../../../hdmi_files/hdmi_working/pll.sv">
      <FileInfo>
        <Attr Name="AutoDisabled" Val="1"/>
        <Attr Name="UsedIn" Val="synthesis"/>
        <Attr Name="UsedIn" Val="implementation"/>
        <Attr Name="UsedIn" Val="simulation"/>
      </FileInfo>
    </File>
    <File Path="$PPRDIR/../../../hdmi_files/hdmi_working/serializer.sv">
      <FileInfo>
        <Attr Name="AutoDisabled" Val="1"/>
        <Attr Name="UsedIn" Val="synthesis"/>
        <Attr Name="UsedIn" Val="implementation"/>
        <Attr Name="UsedIn" Val="simulation"/>
      </FileInfo>
    </File>
    <File Path="$PPRDIR/../../../hdmi_files/hdmi_working/source_product_description_info_frame.sv">
      <FileInfo>
        <Attr Name="AutoDisabled" Val="1"/>
        <Attr Name="UsedIn" Val="synthesis"/>
        <Attr Name="UsedIn" Val="implementation"/>
        <Attr Name="UsedIn" Val="simulation"/>
      </FileInfo>
    </File>
    <File Path="$PPRDIR/../../../hdmi_files/hdmi_working/tmds_channel.sv">
      <FileInfo>
        <Attr Name="AutoDisabled" Val="1"/>
        <Attr Name="UsedIn" Val="synthesis"/>
        <Attr Name="UsedIn" Val="implementation"/>
        <Attr Name="UsedIn" Val="simulation"/>
      </FileInfo>
    </File>
    <File Path="$PPRDIR/../../../hdmi_files/hdmi_working/attributemap.sv">
      <FileInfo>
        <Attr Name="AutoDisabled" Val="1"/>
        <Attr Name="UsedIn" Val="synthesis"/>
        <Attr Name="UsedIn" Val="implementation"/>
        <Attr Name="UsedIn" Val="simulation"/>
      </FileInfo>
    </File>
    <File Path="$PPRDIR/../../../hdmi_files/hdmi_working/console.sv">
      <FileInfo>
        <Attr Name="AutoDisabled" Val="1"/>
        <Attr Name="UsedIn" Val="synthesis"/>
        <Attr Name="UsedIn" Val="implementation"/>
        <Attr Name="UsedIn" Val="simulation"/>
      </FileInfo>
    </File>
    <File Path="$PPRDIR/../../../hdmi_files/hdmi_working/glyphmap.sv">
      <FileInfo>
        <Attr Name="AutoDisabled" Val="1"/>
        <Attr Name="UsedIn" Val="synthesis"/>
        <Attr Name="UsedIn" Val="implementation"/>
        <Attr Name="UsedIn" Val="simulation"/>
      </FileInfo>
    </File>
    <File Path="$PPRDIR/../../../../../Downloads/hdmi_working/attributemap.sv">
      <FileInfo>
        <Attr Name="AutoDisabled" Val="1"/>
        <Attr Name="UsedIn" Val="synthesis"/>
        <Attr Name="UsedIn" Val="implementation"/>
        <Attr Name="UsedIn" Val="simulation"/>
      </FileInfo>
    </File>
    <File Path="$PPRDIR/../../../../../Downloads/hdmi_working/audio_clock_regeneration_packet.sv">
      <FileInfo>
        <Attr Name="AutoDisabled" Val="1"/>
        <Attr Name="UsedIn" Val="synthesis"/>
        <Attr Name="UsedIn" Val="implementation"/>
        <Attr Name="UsedIn" Val="simulation"/>
      </FileInfo>
    </File>
    <File Path="$PPRDIR/../../../../../Downloads/hdmi_working/audio_info_frame.sv">
      <FileInfo>
        <Attr Name="AutoDisabled" Val="1"/>
        <Attr Name="UsedIn" Val="synthesis"/>
        <Attr Name="UsedIn" Val="implementation"/>
        <Attr Name="UsedIn" Val="simulation"/>
      </FileInfo>
    </File>
    <File Path="$PPRDIR/../../../../../Downloads/hdmi_working/audio_sample_packet.sv">
      <FileInfo>
        <Attr Name="AutoDisabled" Val="1"/>
        <Attr Name="UsedIn" Val="synthesis"/>
        <Attr Name="UsedIn" Val="implementation"/>
        <Attr Name="UsedIn" Val="simulation"/>
      </FileInfo>
    </File>
    <File Path="$PPRDIR/../../../../../Downloads/hdmi_working/auxiliary_video_information_info_frame.sv">
      <FileInfo>
        <Attr Name="AutoDisabled" Val="1"/>
        <Attr Name="UsedIn" Val="synthesis"/>
        <Attr Name="UsedIn" Val="implementation"/>
        <Attr Name="UsedIn" Val="simulation"/>
      </FileInfo>
    </File>
    <File Path="$PPRDIR/../../../../../Downloads/hdmi_working/console.sv">
      <FileInfo>
        <Attr Name="AutoDisabled" Val="1"/>
        <Attr Name="UsedIn" Val="synthesis"/>
        <Attr Name="UsedIn" Val="implementation"/>
        <Attr Name="UsedIn" Val="simulation"/>
      </FileInfo>
    </File>
    <File Path="$PPRDIR/../../../../../Downloads/hdmi_working/glyphmap.sv">
      <FileInfo>
        <Attr Name="AutoDisabled" Val="1"/>
        <Attr Name="UsedIn" Val="synthesis"/>
        <Attr Name="UsedIn" Val="implementation"/>
        <Attr Name="UsedIn" Val="simulation"/>
      </FileInfo>
    </File>
    <File Path="$PPRDIR/../../../../../Downloads/hdmi_working/hdmi.sv">
      <FileInfo>
        <Attr Name="AutoDisabled" Val="1"/>
        <Attr Name="UsedIn" Val="synthesis"/>
        <Attr Name="UsedIn" Val="implementation"/>
        <Attr Name="UsedIn" Val="simulation"/>
      </FileInfo>
    </File>
    <File Path="$PPRDIR/../../../../../Downloads/hdmi_working/hdmi_top.sv">
      <FileInfo>
        <Attr Name="AutoDisabled" Val="1"/>
        <Attr Name="UsedIn" Val="synthesis"/>
        <Attr Name="UsedIn" Val="implementation"/>
        <Attr Name="UsedIn" Val="simulation"/>
      </FileInfo>
    </File>
    <File Path="$PPRDIR/../../../../../Downloads/hdmi_working/packet_assembler.sv">
      <FileInfo>
        <Attr Name="AutoDisabled" Val="1"/>
        <Attr Name="UsedIn" Val="synthesis"/>
        <Attr Name="UsedIn" Val="implementation"/>
        <Attr Name="UsedIn" Val="simulation"/>
      </FileInfo>
    </File>
    <File Path="$PPRDIR/../../../../../Downloads/hdmi_working/packet_picker.sv">
      <FileInfo>
        <Attr Name="AutoDisabled" Val="1"/>
        <Attr Name="UsedIn" Val="synthesis"/>
        <Attr Name="UsedIn" Val="implementation"/>
        <Attr Name="UsedIn" Val="simulation"/>
      </FileInfo>
    </File>
    <File Path="$PPRDIR/../../../../../Downloads/hdmi_working/pll.sv">
      <FileInfo>
        <Attr Name="AutoDisabled" Val="1"/>
        <Attr Name="UsedIn" Val="synthesis"/>
        <Attr Name="UsedIn" Val="implementation"/>
        <Attr Name="UsedIn" Val="simulation"/>
      </FileInfo>
    </File>
    <File Path="$PPRDIR/../../../../../Downloads/hdmi_working/serializer.sv">
      <FileInfo>
        <Attr Name="AutoDisabled" Val="1"/>
        <Attr Name="UsedIn" Val="synthesis"/>
        <Attr Name="UsedIn" Val="implementation"/>
        <Attr Name="UsedIn" Val="simulation"/>
      </FileInfo>
    </File>
    <File Path="$PPRDIR/../../../../../Downloads/hdmi_working/source_product_description_info_frame.sv">
      <FileInfo>
        <Attr Name="AutoDisabled" Val="1"/>
        <Attr Name="UsedIn" Val="synthesis"/>
        <Attr Name="UsedIn" Val="implementation"/>
        <Attr Name="UsedIn" Val="simulation"/>
      </FileInfo>
    </File>
    <File Path="$PPRDIR/../../../../../Downloads/hdmi_working/tmds_channel.sv">
      <FileInfo>
        <Attr Name="AutoDisabled" Val="1"/>
        <Attr Name="UsedIn" Val="synthesis"/>
        <Attr Name="UsedIn" Val="implementation"/>
        <Attr Name="UsedIn" Val="simulation"/>
      </FileInfo>
    </File>
    <File Path="$PPRDIR/../../Demo/archive_project_summary.txt"/>
    <File Path="$PSRCDIR/sources_1/imports/dldfall22proj/ProjectHDMI/hdmi_working/console.sv">
      <FileInfo>
        <Attr Name="AutoDisabled" Val="1"/>
        <Attr Name="ImportPath" Val="$PPRDIR/../../ProjectHDMI/hdmi_working/console.sv"/>
        <Attr Name="ImportTime" Val="1668693130"/>
        <Attr Name="UsedIn" Val="synthesis"/>
        <Attr Name="UsedIn" Val="implementation"/>
        <Attr Name="UsedIn" Val="simulation"/>
      </FileInfo>
    </File>
    <File Path="$PSRCDIR/sources_1/imports/dldfall22proj/ProjectHDMI/hdmi_working/attributemap.sv">
      <FileInfo>
        <Attr Name="AutoDisabled" Val="1"/>
        <Attr Name="ImportPath" Val="$PPRDIR/../../ProjectHDMI/hdmi_working/attributemap.sv"/>
        <Attr Name="ImportTime" Val="1668693130"/>
        <Attr Name="UsedIn" Val="synthesis"/>
        <Attr Name="UsedIn" Val="implementation"/>
        <Attr Name="UsedIn" Val="simulation"/>
      </FileInfo>
    </File>
    <File Path="$PSRCDIR/sources_1/imports/dldfall22proj/ProjectHDMI/hdmi_working/glyphmap.sv">
      <FileInfo>
        <Attr Name="AutoDisabled" Val="1"/>
        <Attr Name="ImportPath" Val="$PPRDIR/../../ProjectHDMI/hdmi_working/glyphmap.sv"/>
        <Attr Name="ImportTime" Val="1668693130"/>
        <Attr Name="UsedIn" Val="synthesis"/>
        <Attr Name="UsedIn" Val="implementation"/>
        <Attr Name="UsedIn" Val="simulation"/>
      </FileInfo>
    </File>
    <Config>
      <Option Name="DesignMode" Val="RTL"/>
      <Option Name="TopModule" Val="top_demo"/>
      <Option Name="TopAutoSet" Val="TRUE"/>
    </Config>
  </FileSet>
  <FileSet Name="constrs_in" Type="Constrs" RelSrcDir="$PSRCDIR/constrs_1">
    <Filter Type="Constrs"/>
    <File Path="$PSRCDIR/constrs_1/new/constr.xdc">
      <FileInfo>
        <Attr Name="ImportPath" Val="$PPRDIR/../../../../../Demo/Demo.srcs/constrs_1/new/constr.xdc"/>
        <Attr Name="ImportTime" Val="1610766466"/>
        <Attr Name="UsedIn" Val="synthesis"/>
        <Attr Name="UsedIn" Val="implementation"/>
      </FileInfo>
    </File>
    <Config>
      <Option Name="TargetConstrsFile" Val="$PSRCDIR/constrs_1/new/constr.xdc"/>
      <Option Name="ConstrsType" Val="XDC"/>
    </Config>
  </FileSet>
  <FileSet Name="utils" Type="Utils" RelSrcDir="$PSRCDIR/utils_1">
    <Filter Type="Utils"/>
    <Config>
      <Option Name="TopAutoSet" Val="TRUE"/>
    </Config>
  </FileSet>
  <Strategy Version="1" Minor="2">
    <StratHandle Name="Vivado Implementation Defaults" Flow="Vivado Implementation 2020"/>
    <Step Id="init_design"/>
    <Step Id="opt_design"/>
    <Step Id="power_opt_design"/>
    <Step Id="place_design"/>
    <Step Id="post_place_power_opt_design"/>
    <Step Id="phys_opt_design"/>
    <Step Id="route_design"/>
    <Step Id="post_route_phys_opt_design"/>
    <Step Id="write_bitstream"/>
    <Step Id="write_device_image"/>
  </Strategy>
</GenRun>
